Item Code,Item Description,Current Count,On Order
TEST01,Test Object 01,7,No
TEST02,Test Object 02,54,No
TEST03,Test Object 03,23,No
TEST04,Test Object 04,8,Yes
TEST05,Test Object 05,3,Yes
TEST06,Test Object 06,0,Yes
TEST07,Test Object 07,6,Yes
TEST08,Test Object 08,1,No
TEST09,Test Object 09,5,Yes
TEST10,Test Object 10,2,No
TEST11,Test Object 11,4,No
TEST12,Test Object 12,9,Yes
TEST13,Test Object 13,5,No
TEST14,Test Object 14,0,Yes
TEST15,Test Object 15,16,Yes
TEST16,Test Object 16,21,No
TEST17,Test Object 17,31,No
TEST18,Test Object 18,6,No
TEST19,Test Object 19,7,Yes
TEST20,Test Object 20,5,Yes
TEST21,Test Object 21,16,Yes
TEST22,Test Object 22,24,Yes
TEST23,Test Object 23,8,No
TEST24,Test Object 24,4,No
TEST25,Test Object 25,28,No
TEST26,Test Object 26,2,Yes
TEST27,Test Object 27,4,No
TEST28,Test Object 28,0,No
TEST29,Test Object 29,34,No
TEST30,Test Object 30,1,Yes
TEST31,Test Object 31,0,Yes
TEST32,Test Object 32,9,Yes
TEST33,Test Object 33,8,Yes
TEST34,Test Object 34,4,No
TEST35,Test Object 35,5,Yes
TEST36,Test Object 36,7,No
TEST37,Test Object 37,3,Yes
TEST38,Test Object 38,1,No
TEST39,Test Object 39,2,No
TEST40,Test Object 40,0,Yes
